first_name,last_name,street,city,state,zip
Louie,Tweedie,517 Johnson Plaza,Seattle,WA,98166
Marnie,Yeo,81923 Stone Corner Avenue,Duluth,GA,30195
Donalt,Trewman,5 Dwight Avenue,Des Moines,IA,50369
Ryon,Hearns,5 Superior Center,Houston,TX,77212
Odelle,Glavin,419 Blaine Junction,Pensacola,FL,32590
Betty,Morison,6 Schmedeman Parkway,Houston,TX,77005
Margaux,Matussow,3763 Montana Center,Oakland,CA,94627
Bernardine,Brimmicombe,4364 Grasskamp Court,Amarillo,TX,79171
Pincus,Jankovic,851 Mitchell Pass,Pompano Beach,FL,33069
Biddy,Stollwerck,10738 Summit Hill,Mansfield,OH,44905
Sigismondo,Darrel,9 Northview Pass,Oklahoma City,OK,73124
Dareen,Paynes,8347 Northfield Park,Houston,TX,77218
L;urette,Danson,07 Dapin Pass,Salem,OR,97306
Sonia,Tomsa,46 Lillian Place,Anderson,IN,46015
Tirrell,Guthrie,413 Rowland Lane,Springfield,MO,65805
Maximilianus,Niblock,53321 Longview Place,Phoenix,AZ,85010
Bentlee,Rosekilly,5471 David Avenue,Jacksonville,FL,32215
Nolan,Corse,8533 Ryan Road,Columbus,OH,43284
Titus,Esberger,17462 Anniversary Avenue,Gainesville,FL,32610
Quincy,Andric,667 Stone Corner Crossing,Lees Summit,MO,64082
Swen,Bussy,639 Dovetail Drive,Tulsa,OK,74141
Linnet,Bonnesen,2268 2nd Plaza,Beaumont,TX,77705
Chan,Petracci,265 Vernon Point,San Antonio,TX,78255
Forster,Fuster,72190 Laurel Drive,Dallas,TX,75392
Ivan,Dupre,610 Clarendon Place,Pittsburgh,PA,15261
Cindie,Franciotti,7 Westport Pass,Louisville,KY,40233
Wernher,Toping,45001 Bayside Court,Boulder,CO,80310
Merilyn,Joannidi,93 Cardinal Road,Gilbert,AZ,85297
Kriste,Wurst,8 2nd Way,New Orleans,LA,70174
Alysa,Brownsill,78 Anniversary Point,Atlanta,GA,30311
Chery,Van Der Vlies,337 Lunder Park,Irvine,CA,92717
Rosie,Berrane,5 Glacier Hill Court,Green Bay,WI,54313
Sampson,Tipping,29 Columbus Terrace,East Saint Louis,IL,62205
Jazmin,Wyllie,6621 Dennis Point,Edmond,OK,73034
Florentia,Pechell,7 Arrowood Hill,Los Angeles,CA,90101
Alleen,Kingh,4347 Mandrake Parkway,Philadelphia,PA,19184
Gerick,Poge,2682 Mitchell Park,Oakland,CA,94611
Faulkner,Street,20 Mallard Crossing,Pueblo,CO,81015
Keelby,Danilowicz,59 Vernon Place,Naples,FL,34114
Joshua,Woodcroft,06003 Stephen Junction,Boca Raton,FL,33487
Matelda,McArthur,16293 Continental Way,Lincoln,NE,68524
Ainslee,Corryer,670 3rd Park,Atlanta,GA,30306
Boothe,Le Marchand,904 Esker Trail,Greensboro,NC,27409
Janella,Farmloe,7530 Lyons Way,New York City,NY,10024
Gifford,Dibble,16983 Doe Crossing Drive,Dallas,TX,75392
Arnold,Attlee,7418 Hoffman Lane,Burbank,CA,91520
Latisha,Dever,65 Logan Way,Santa Fe,NM,87592
Eugenius,Filasov,56688 Ilene Lane,Charleston,WV,25313
Ginevra,Stenners,88894 Garrison Hill,Boise,ID,83722
Gwenora,Gallaccio,8 Macpherson Center,Buffalo,NY,14269
Hube,Dobeson,695 Wayridge Center,Cincinnati,OH,45218
Neely,Benedito,96 Florence Hill,South Bend,IN,46699
Demetria,Kinnerk,75225 Northfield Circle,Oakland,CA,94611
Simmonds,Pennini,96805 Anderson Hill,Lexington,KY,40581
Dietrich,Figger,2000 Artisan Avenue,Troy,MI,48098
Isac,Yurchishin,1510 Mccormick Way,Torrance,CA,90510
Prue,Maling,93086 Maywood Hill,Topeka,KS,66622
Darcey,Trimmill,2455 Manitowish Pass,Torrance,CA,90505
Anders,Ansty,851 Center Junction,Cincinnati,OH,45296
Newton,Basnett,278 Sage Parkway,Atlanta,GA,31132
Isabella,O'Canavan,8100 Schmedeman Center,Knoxville,TN,37931
Mavra,Giggs,0461 Northridge Place,Daytona Beach,FL,32123
Lorant,Yurin,79543 Moland Hill,Frederick,MD,21705
Shaylynn,Miner,77957 Lerdahl Road,Long Beach,CA,90805
Pall,Cuff,77796 Sunnyside Terrace,El Paso,TX,79928
Harper,Haddow,91651 Leroy Road,Miami,FL,33196
Ebba,Pennetti,391 Mallard Way,Evansville,IN,47719
Cyrus,Bonett,045 Mifflin Hill,Sacramento,CA,94250
Josefa,Stallwood,8926 Michigan Plaza,Richmond,VA,23208
Blondelle,Iddison,4653 Declaration Court,Atlanta,GA,30316
Ami,Robelow,90241 Butternut Pass,Huntington,WV,25705
Oliver,Kilford,2 Superior Place,Denver,CO,80255
Stephi,McKain,55888 Longview Plaza,Fort Myers,FL,33994
Nicholle,Roncelli,77412 Amoth Crossing,Washington,DC,20299
Wendel,McGerraghty,139 Wayridge Alley,Hicksville,NY,11854
Zaneta,Ricketts,0740 Sage Pass,Tulsa,OK,74170
Robyn,Pentony,6611 Rusk Lane,Houston,TX,77080
Missy,Twelftree,67429 Crowley Crossing,Atlanta,GA,30311
Hilario,Doggerell,28721 Tennyson Plaza,Rochester,NY,14683
Langston,Bath,322 Eastlawn Junction,Los Angeles,CA,90076
Zorina,Van der Krui,01747 Susan Parkway,Philadelphia,PA,19160
Rhiamon,Wallington,010 Schmedeman Pass,Littleton,CO,80126
Barry,Rijkeseis,157 Di Loreto Trail,Saint Paul,MN,55172
Vassili,Mosdell,6 Hoepker Crossing,Brooklyn,NY,11215
Jimmie,Brookbank,0062 Linden Alley,Chicago,IL,60657
Dewain,Lambdin,07526 Farragut Drive,Van Nuys,CA,91411
Marabel,Lightning,86 Mccormick Lane,Baton Rouge,LA,70894
Carmelle,Cuthbertson,86 Gale Pass,Baton Rouge,LA,70820
Jane,Mogridge,44 Welch Avenue,Durham,NC,27710
Eddie,Curnick,5915 Stephen Parkway,San Antonio,TX,78278
Caldwell,Pinkett,8 Grayhawk Place,Dallas,TX,75392
Abran,Jeckell,287 Longview Place,Carol Stream,IL,60158
Neala,Merigeau,0 Eagan Street,Lubbock,TX,79452
Farleigh,Carnalan,26 Riverside Point,Chula Vista,CA,91913
Gabbi,Sharpe,52643 Lyons Crossing,Erie,PA,16550
Haily,Anshell,31 Badeau Way,San Diego,CA,92137
Michele,Heater,1 Autumn Leaf Trail,Littleton,CO,80161
Sigismund,Ragbourne,4 Towne Terrace,Washington,DC,20503
Pamela,Dillintone,454 Sugar Parkway,Monticello,MN,55565
Westbrook,Snellman,02624 Havey Hill,Miami,FL,33283
Windham,Steketee,0 Hudson Avenue,Valdosta,GA,31605
Ingaborg,Ventam,62 Loomis Center,Midland,TX,79710
Luise,Bondley,15559 Dorton Junction,Arlington,VA,22225
Gualterio,Babb,0687 Oak Way,Kalamazoo,MI,49006
Modesta,Worsfold,74 Miller Point,Philadelphia,PA,19191
Fey,Slimm,7 Kensington Point,Brooklyn,NY,11254
Gary,Hakking,4270 Sachs Place,Houston,TX,77065
Brody,Cookman,7 Gateway Lane,Brooklyn,NY,11210
Jsandye,Fifield,876 Delladonna Parkway,Modesto,CA,95354
Ingelbert,Feld,5212 Leroy Trail,Washington,DC,20599
Adriano,Curteis,14874 Hoepker Lane,Scottsdale,AZ,85255
Antonietta,Filon,622 Golf Course Lane,Stockton,CA,95210
Ivar,Fritschel,1203 Drewry Point,Monticello,MN,55590
Emlen,Bunce,7 Green Ridge Pass,Houston,TX,77293
Roldan,Gerhardt,2 Menomonie Court,San Antonio,TX,78291
Asher,Coldicott,93293 New Castle Center,Tucson,AZ,85754
Kelly,Heaton,029 Lerdahl Street,Austin,TX,78789
Emmerich,McVanamy,7684 Green Ridge Drive,Atlanta,GA,30356
Elias,Rabidge,90213 Sunnyside Pass,Englewood,CO,80150
Estell,Trevett,2444 Tony Point,Berkeley,CA,94712
Judi,Guyon,00082 Mosinee Lane,Seattle,WA,98175
Lynelle,Kramer,0 Northland Point,Columbia,MO,65211
Ara,Downage,2275 Bluejay Hill,Fort Lauderdale,FL,33336
Jolene,O'Sirin,3518 Knutson Avenue,San Bernardino,CA,92415
Florina,Pavolillo,20 Melrose Road,Birmingham,AL,35263
Ediva,Gorgl,8 Kenwood Lane,Indianapolis,IN,46266
Jakie,Gorey,03 Dennis Crossing,Columbia,SC,29225
Diego,Bellam,48 Little Fleur Hill,Indianapolis,IN,46207
Alyosha,Kirsz,8 Declaration Hill,San Francisco,CA,94110
Tracie,Scotchforth,2446 Birchwood Parkway,Mansfield,OH,44905
Franky,MacManus,124 Prentice Street,Jackson,MS,39216
Gardie,Durgan,686 Fairfield Drive,Lexington,KY,40596
Hasty,Rosario,02509 Sachtjen Road,Baltimore,MD,21275
Jerrilyn,Sapseed,64 Warner Way,Topeka,KS,66699
Zonda,Whitehair,66323 Memorial Terrace,Des Moines,IA,50369
Iosep,Durie,3055 Starling Road,San Diego,CA,92145
Linette,Asplin,8131 Independence Hill,Suffolk,VA,23436
Marie,Ivatt,01504 Birchwood Way,Tyler,TX,75799
Darci,Dunmuir,5 Spohn Lane,Albuquerque,NM,87110
Rice,Aslen,31756 Lyons Point,New York City,NY,10175
Mallory,Coots,6 Debra Pass,Carson City,NV,89706
Lonee,Budgeon,048 Basil Point,Maple Plain,MN,55572
Elena,Baudinot,91523 Lukken Center,Buffalo,NY,14215
Ginger,Anthill,362 Loeprich Road,Philadelphia,PA,19115
Lin,McReath,37494 Thierer Place,San Diego,CA,92121
Melisandra,Bridge,61 Warner Court,Richmond,CA,94807
Mohammed,Syddon,969 Pleasure Alley,South Bend,IN,46699
Hube,Elias,34795 Walton Circle,Davenport,IA,52809
Leanora,Cornell,07 Cherokee Avenue,Carol Stream,IL,60158
Andria,Gawke,43 Macpherson Hill,Fullerton,CA,92640
Angelika,Pigot,9 Melody Circle,Hartford,CT,06160
Bernelle,Darkin,0 Almo Court,Houston,TX,77250
Trude,Turton,126 Del Sol Pass,Denver,CO,80249
Alicea,Mitkov,2384 Oakridge Way,Des Moines,IA,50393
Ginger,Carnegy,149 Kropf Court,Saint Louis,MO,63126
Loretta,Jillett,94019 Texas Center,Phoenix,AZ,85077
Neile,Itzcovich,7 Merchant Street,Mesquite,TX,75185
Ola,Drinkale,43380 Talisman Way,Alexandria,VA,22333
Aubrey,Hallstone,321 Debra Alley,North Las Vegas,NV,89036
Claudius,McGrotty,33 Brown Lane,Vancouver,WA,98682
Dottie,Sodeau,1 Quincy Point,Pensacola,FL,32595
Mela,MacAnespie,51071 Blue Bill Park Place,Atlanta,GA,30328
Reyna,Chawkley,63612 Green Ridge Center,Washington,DC,20088
Randa,Camelia,6 Hooker Avenue,New Orleans,LA,70183
Alphard,Coucha,32875 Bunker Hill Drive,Honolulu,HI,96815
Dacy,O'Shevlan,83938 Marcy Lane,Detroit,MI,48206
Val,Fellman,81 Dottie Avenue,Anaheim,CA,92812
Inga,Fowell,949 Anthes Trail,Austin,TX,78726
Coralyn,Dansie,2 Clemons Plaza,North Little Rock,AR,72199
Mason,Olek,079 Melrose Way,El Paso,TX,88579
Donnie,D'Arrigo,992 Hazelcrest Avenue,Shreveport,LA,71137
Florencia,Drover,81 Mosinee Crossing,Huntington,WV,25770
Evelina,Batcock,40 Luster Hill,Prescott,AZ,86305
Orly,Greensall,58 Vernon Plaza,Lincoln,NE,68524
Blondell,Daley,59 Calypso Drive,Fort Worth,TX,76105
Roley,Poole,511 Fremont Center,Norman,OK,73071
Nathanael,Bortolazzi,007 Debs Hill,Houston,TX,77065
Marget,Spitaro,200 Bartelt Way,Pueblo,CO,81015
Angie,Jimson,4 Village Point,Louisville,KY,40266
Lizzie,Alfonso,7072 Bartillon Way,Montpelier,VT,05609
Morganne,Plues,27675 Del Sol Junction,Baltimore,MD,21265
Beatriz,Dobbins,072 Rockefeller Plaza,Palo Alto,CA,94302
Sid,Demaid,4 Acker Court,Flushing,NY,11355
Terra,Kenton,992 Lerdahl Junction,Pensacola,FL,32590
Filide,Welford,8 Sunnyside Center,Buffalo,NY,14225
Val,Jovis,138 Dovetail Pass,Anniston,AL,36205
Flemming,Mead,0 Sommers Drive,North Port,FL,34290
Fremont,Barbe,30 Burning Wood Plaza,El Paso,TX,79928
Carolin,Denerley,11420 Center Street,Waterbury,CT,06721
Lincoln,Warret,0364 Summit Lane,Birmingham,AL,35254
Kiersten,Fermer,332 Rowland Way,Columbus,OH,43204
Irena,Sorbey,78 Acker Parkway,Tulsa,OK,74133
Mable,Dranfield,60657 Karstens Place,Richmond,VA,23242
Janeen,Gilstin,11548 Packers Drive,Beaverton,OR,97075
Hyacintha,Pettitt,8 Kipling Center,Fort Worth,TX,76105
Major,Durbin,5797 Meadow Valley Point,Portland,OR,97216
Maisey,O' Timony,5 Pepper Wood Terrace,Houston,TX,77070
Cayla,McCook,9290 Transport Lane,Saint Petersburg,FL,33731
Mala,Quiddihy,9787 Valley Edge Road,Oklahoma City,OK,73190
Blanch,Koubu,39 Quincy Plaza,Pasadena,CA,91131
Symon,Commuzzo,2 Kings Place,Henderson,NV,89012
Eran,Paulich,3234 Packers Trail,Flint,MI,48555
Katalin,Chezelle,979 Gina Drive,Columbia,MO,65218
Garrot,Szapiro,58 Norway Maple Lane,Philadelphia,PA,19160
Sidney,Pershouse,021 Lighthouse Bay Court,Sacramento,CA,94245
Ulysses,Pidgin,0 Mayer Parkway,Jacksonville,FL,32230
Drusy,Solano,5840 Karstens Road,Lubbock,TX,79415
Mara,Wedderburn,5 Valley Edge Pass,Joliet,IL,60435
Laraine,Goford,71 Ramsey Junction,Arlington,TX,76096
Carla,Dinsale,79978 Vernon Avenue,Memphis,TN,38188
Geoffrey,Twigley,73324 Springs Center,Woburn,MA,01813
Gui,Coade,1393 Delladonna Trail,Elmira,NY,14905
Shermie,Andrus,78951 Gale Junction,Tulsa,OK,74108
Esteban,Durker,3 Laurel Road,Chattanooga,TN,37450
Jereme,Stennine,16827 Sullivan Junction,Cleveland,OH,44177
Fonzie,Duckerin,160 Lighthouse Bay Terrace,Winter Haven,FL,33884
Wood,Lemanu,63263 Shelley Point,Tampa,FL,33615
Roz,Dibben,53566 Ruskin Park,Kansas City,MO,64193
Claresta,Rodden,7527 Pearson Drive,San Antonio,TX,78215
Toddie,Lanphere,5627 Reinke Trail,Columbia,SC,29208
Charla,Gifford,3 Pine View Lane,Sparks,NV,89436
Aundrea,Shilburne,89492 Stuart Crossing,Muskegon,MI,49444
Tiff,Wathell,801 Oak Avenue,Ocala,FL,34474
Charlene,Mosdill,3535 Dwight Circle,Sacramento,CA,95865
Fara,Bairnsfather,1323 Carpenter Crossing,Ocala,FL,34474
Ralf,Oxterby,958 Darwin Hill,Anchorage,AK,99522
Corly,Shovelbottom,5 Arapahoe Road,Pensacola,FL,32520
Artemas,Calveley,725 Huxley Circle,West Palm Beach,FL,33416
Kendall,Packington,654 Center Parkway,Brooklyn,NY,11215
Romy,Muffitt,892 Kipling Lane,Tampa,FL,33694
Jessamine,Prazor,0404 5th Place,Jefferson City,MO,65105
Lenette,Stonier,28933 2nd Hill,Akron,OH,44305
Zitella,Elleton,16 Oak Valley Crossing,Dayton,OH,45454
Doreen,Poli,123 Grasskamp Circle,Burbank,CA,91520
Garret,Outibridge,6961 Canary Trail,Rochester,NY,14652
Friederike,Blaxley,38 Luster Hill,Humble,TX,77346
Mozes,Ryam,96 Atwood Lane,Sioux Falls,SD,57198
Noe,McKeller,3 Prairieview Avenue,Sandy,UT,84093
Far,Soper,7036 Judy Street,Irving,TX,75037
Rinaldo,Raith,577 Rockefeller Park,San Jose,CA,95133
Karisa,Grieg,498 Dexter Lane,Washington,DC,20226
Marcus,Androletti,0 Lunder Plaza,Kansas City,MO,64114
Kevina,Caff,5958 Portage Point,Chicago,IL,60604
Willi,Chatainier,07 Porter Crossing,Canton,OH,44720
Rosetta,Hellmer,9 Arrowood Drive,Torrance,CA,90510
Milicent,Chicken,4076 Upham Point,Washington,DC,20414
Eliot,Hizir,4198 Main Road,Boise,ID,83732
Donn,Joll,77429 Maywood Circle,San Diego,CA,92115
Cathe,Glennon,58 Buell Street,Louisville,KY,40256
Iormina,Allison,3869 Express Hill,San Francisco,CA,94154
Gwynne,Devinn,8281 Eliot Avenue,Lancaster,PA,17605
Mose,Lowthian,69 Village Green Point,New Orleans,LA,70179
Ariella,Grinaugh,9530 Morrow Alley,Tucson,AZ,85705
Giustino,Strasse,41936 Atwood Pass,Alexandria,VA,22301
Mortie,Raspin,4361 Cody Pass,Silver Spring,MD,20904
Joela,Grinikhinov,3 Sutteridge Junction,Kansas City,KS,66112
Heindrick,Vakhrushev,8 Burning Wood Street,Frederick,MD,21705
Tish,Grundey,22599 Quincy Way,Saint Petersburg,FL,33705
Jacobo,Newall,41530 Kropf Circle,Austin,TX,78703
Kelly,Goodram,5357 Mariners Cove Street,Atlanta,GA,30368
Felicle,Brumham,14173 Maple Wood Terrace,Pensacola,FL,32590
Allix,Webben,46 Buell Way,Apache Junction,AZ,85219
Brandy,Ditchfield,4 Alpine Junction,Washington,DC,20010
Nicky,Gietz,3 Manufacturers Terrace,Clearwater,FL,34620
Adelind,Snodden,5 Randy Trail,Cleveland,OH,44105
Carroll,Jesteco,61 Algoma Hill,Bakersfield,CA,93386
Felicia,Ackred,28425 Lotheville Center,San Antonio,TX,78250
Nissa,Kaplin,84 5th Junction,Charlotte,NC,28242
Daisie,Imrie,263 Blackbird Pass,Saint Paul,MN,55123
Irina,Waliszewski,3806 Buhler Hill,Tampa,FL,33686
Nicolais,Waistell,5048 Shasta Alley,West Palm Beach,FL,33421
Lesley,Scholcroft,27 Anderson Hill,Roanoke,VA,24004
Jaymee,Fitzackerley,57842 Beilfuss Terrace,Metairie,LA,70005
Kata,Heyns,1996 Sunfield Crossing,Tulsa,OK,74184
Roseanna,Cousans,2424 Golf View Junction,Mobile,AL,36670
Ronnie,Archdeacon,5 Hazelcrest Court,Minneapolis,MN,55402
Kelcey,Heditch,6 Fuller Circle,Tallahassee,FL,32304
Rowan,Smeaton,6775 Grover Parkway,Las Vegas,NV,89193
Ryun,Whitlaw,3422 Dottie Road,Corpus Christi,TX,78465
Verney,Pirie,48944 Warner Park,Tampa,FL,33647
Tedie,Mitford,35 Alpine Way,Houston,TX,77070
Dorie,Fowell,9874 Sheridan Parkway,Fort Worth,TX,76105
Harrie,Fries,97 Bunker Hill Lane,Scranton,PA,18514
Erv,Sumpter,1829 Dayton Alley,Sacramento,CA,95818
Sherwood,Rodie,9382 Gina Parkway,San Antonio,TX,78250
Salim,Beeze,9 Chive Terrace,San Diego,CA,92196
Etan,Cramond,47 Washington Terrace,Houston,TX,77260
Alejandro,Ruos,33 Kipling Pass,Jamaica,NY,11480
Camella,Farrey,77 Shoshone Junction,Lansing,MI,48956
Dyanna,Pavlovsky,430 Debra Way,Lexington,KY,40591
Bill,Crathern,1631 Trailsway Center,Madison,WI,53716
Jourdain,Hoffner,1 Anhalt Hill,New York City,NY,10184
Rebekah,Bygrave,88803 Melvin Point,Houston,TX,77299
Luke,Brithman,6 Bultman Park,Saint Paul,MN,55127
Dionis,Wraighte,55 Heath Drive,El Paso,TX,88569
Filippa,Deboick,840 Canary Avenue,Fort Worth,TX,76198
Megan,Spore,8 Transport Road,Idaho Falls,ID,83405
Katha,Putt,4479 Nancy Court,Minneapolis,MN,55446
Mallorie,Sillitoe,85 Dahle Park,San Jose,CA,95108
Tina,Weddeburn - Scrimgeour,97955 Hooker Avenue,Houston,TX,77010
Bunnie,Hurler,672 Lillian Circle,Harrisburg,PA,17126
Maris,Castiello,0 Grasskamp Alley,New York City,NY,10009
Cordi,Frichley,0619 Sheridan Road,Charleston,WV,25305
Jemimah,De Lasci,79 Columbus Circle,Lubbock,TX,79491
Geneva,Sesser,4 Weeping Birch Pass,Montgomery,AL,36114
Sibel,McGoon,9740 Del Mar Place,Miami,FL,33129
Gracie,Durtnall,4 Kipling Park,Newport Beach,CA,92662
Myer,Derill,42620 Jay Plaza,Youngstown,OH,44555
Gallard,Jandl,8 Anhalt Lane,Washington,DC,20535
Krissy,Philot,8 Scofield Court,Reno,NV,89505
Luz,Mackett,6317 Southridge Crossing,Akron,OH,44315
Trixi,Cromblehome,2 Hermina Court,Houston,TX,77080
Roshelle,Tatam,877 Lotheville Park,Bronx,NY,10464
Tobe,Ropp,2011 Packers Place,Richmond,VA,23220
Shannah,Minchenton,99682 Swallow Crossing,Houston,TX,77255
Fonz,Smeal,441 Stephen Pass,Albuquerque,NM,87115
Julia,Mazzilli,12205 International Avenue,Pocatello,ID,83206
Clary,Dresser,8 Hooker Circle,Omaha,NE,68124
Menard,Costock,1476 Knutson Parkway,Washington,DC,20420
Cornela,Paterno,245 Northridge Trail,Omaha,NE,68134
Thorstein,Flattman,89 Haas Point,Roanoke,VA,24004
Sidney,Brompton,50 Aberg Avenue,Bethesda,MD,20816
Kira,Bolus,68 Cottonwood Circle,Stockton,CA,95219
Bastien,Roman,8795 Nevada Circle,Akron,OH,44305
Raina,Ferrierio,0 Buell Street,Cincinnati,OH,45264
Floria,Palser,1 Towne Drive,Louisville,KY,40215
Cally,Pickering,3378 Del Mar Court,Durham,NC,27705
Morna,Casel,419 Mockingbird Drive,Laredo,TX,78044
Ardith,Danev,61 7th Street,Eugene,OR,97405
Hettie,Wadsworth,51 Sutherland Way,Denver,CO,80217
Lay,Giorgielli,02351 Monica Terrace,Waco,TX,76705
Genny,Bortolozzi,7381 Vermont Court,Dayton,OH,45440
Smitty,Worboy,3231 Melody Park,Tempe,AZ,85284
Karoly,Everill,268 Marcy Crossing,Kansas City,MO,64109
Calley,Lyford,41 Kingsford Park,Santa Monica,CA,90410
Leticia,Gennings,9 Waubesa Junction,Memphis,TN,38150
Brunhilde,Matsell,65628 Commercial Junction,Pasadena,CA,91117
Nanon,Avramovic,8783 Toban Trail,Jacksonville,FL,32277
Daloris,Dust,84 Nancy Drive,San Antonio,TX,78260
Timmie,Naisey,383 High Crossing Way,New York City,NY,10260
Tobias,Romanelli,6 Derek Trail,Houston,TX,77281
Pierrette,Scorey,8 Crescent Oaks Way,Philadelphia,PA,19146
Craggy,Thirwell,64 Sutteridge Lane,Duluth,MN,55805
Felisha,Manssuer,6 2nd Crossing,Rochester,NY,14619
Bancroft,Lenthall,4287 Lakewood Gardens Lane,San Francisco,CA,94169
Joscelin,Syddon,73978 Tomscot Alley,Miami,FL,33124
Bonnie,Merrigan,346 Troy Park,Waterbury,CT,06705
Osmond,Dewbury,3982 Tennyson Drive,Saint Louis,MO,63126
Lurline,Spedroni,637 Clemons Trail,Denver,CO,80235
Dani,Giovannini,560 Memorial Court,Fairbanks,AK,99790
Elwin,Natte,35 Rieder Trail,El Paso,TX,79977
Burke,Joutapaitis,019 Northridge Park,Minneapolis,MN,55412
Robinet,Metham,196 Norway Maple Alley,Buffalo,NY,14269
Elyse,Durno,8 Utah Road,Fort Pierce,FL,34981
Karine,Hourahan,79325 Troy Court,Davenport,IA,52809
Margot,St. John,04 Esker Junction,Oxnard,CA,93034
Almire,Labadini,53313 Old Gate Plaza,Phoenix,AZ,85040
Cal,Leport,88777 Anderson Court,Newport News,VA,23605
Tracie,Hintze,2 Fair Oaks Road,Omaha,NE,68179
Emmalynn,Doerffer,8358 Randy Street,Dallas,TX,75210
Lucius,Blazevic,6259 Aberg Point,Corpus Christi,TX,78405
Prentice,Durdy,8102 Loeprich Crossing,Wichita,KS,67220
Melanie,Klinck,33555 Killdeer Trail,El Paso,TX,88535
Leanna,Harris,9 Monica Lane,Lehigh Acres,FL,33972
Dana,Lodden,45 Sullivan Drive,Miami,FL,33196
Carilyn,Chateau,9 Hanson Way,Buffalo,NY,14215
Schuyler,Cowl,5189 Sundown Street,Saint Louis,MO,63110
Alie,Salvidge,14287 Veith Center,Memphis,TN,38119
Salvatore,Dudderidge,955 Eastlawn Terrace,Boca Raton,FL,33487
Ravi,Jacobowits,60 Shoshone Park,Lake Worth,FL,33467
Rooney,Kirkham,41171 Saint Paul Drive,Louisville,KY,40280
Jude,Hasluck,1 Declaration Park,Charlotte,NC,28235
Cherida,Hammelberg,4363 Blue Bill Park Alley,Boulder,CO,80310
Dalis,Vaulkhard,20 Stang Street,Mesa,AZ,85205
Lazarus,Hellicar,69 Buhler Drive,Orlando,FL,32891
Rickard,Pople,26722 Maywood Way,Denton,TX,76205
Allin,Loughlin,1 Sutherland Avenue,Tucson,AZ,85710
Francoise,Stelfox,53 Shasta Center,Northridge,CA,91328
Ruben,Gilpin,899 Arizona Way,Mansfield,OH,44905
Hermione,MacAne,066 Chinook Place,Myrtle Beach,SC,29579
Shanon,De Maria,504 Meadow Ridge Court,Tacoma,WA,98481
Harold,Dain,74 Thierer Circle,Huntington,WV,25705
Rowena,Delort,87 Victoria Parkway,Fort Worth,TX,76121
Carly,Menilove,71651 Grover Terrace,Pensacola,FL,32590
Torin,McMearty,67 Pankratz Lane,Los Angeles,CA,90076
Andie,Genney,8298 Elmside Center,Charleston,WV,25356
Ole,Lampen,7 Crowley Plaza,Vero Beach,FL,32964
Sonny,McKernon,5810 Lindbergh Lane,South Lake Tahoe,CA,96154
Geno,Tregent,729 Ludington Street,Tallahassee,FL,32309
Raquel,Lacroix,52581 Michigan Parkway,Portland,OR,97232
Lois,Twelvetrees,43826 Crownhardt Parkway,Springfield,IL,62723
Penni,Shitliffe,79711 Summerview Parkway,Shawnee Mission,KS,66210
Aubree,Perrie,2354 Calypso Circle,Washington,DC,20226
Midge,Hake,83283 Roxbury Alley,Saint Louis,MO,63104
Morrie,Rubinsztein,67 Anniversary Road,Alexandria,VA,22301
Salomi,Murby,278 Oakridge Crossing,El Paso,TX,79955
Jacquelin,Martinek,4574 Starling Court,Fresno,CA,93750
Rhett,Bletsor,37039 Beilfuss Lane,New York City,NY,10004
Barton,Deesly,37 Eliot Pass,New York City,NY,10131
Haroun,Gladdifh,72206 Cottonwood Trail,Dallas,TX,75310
Sammy,Posselow,36043 Jenifer Alley,Washington,DC,20540
Walther,Gridon,25 3rd Plaza,Glendale,CA,91210
Kalie,Neasam,37 Emmet Drive,Omaha,NE,68124
Rice,Munnery,835 Dottie Trail,Pensacola,FL,32595
Amery,Arnall,44 Farwell Center,Sioux Falls,SD,57198
Rockey,Doulton,35 Roxbury Terrace,Racine,WI,53405
Costanza,Ritmeyer,0466 Lawn Trail,Migrate,KY,41905
Korella,Dilawey,75 Charing Cross Parkway,Fort Wayne,IN,46825
Davidson,Seeger,498 4th Alley,Pittsburgh,PA,15220
King,Gover,04309 Harper Place,Canton,OH,44710
Kati,Brisset,72 Corscot Terrace,Henderson,NV,89012
Letti,Camillo,1 Hintze Terrace,Savannah,GA,31416
Tobiah,Fortye,722 Linden Park,Washington,DC,20205
Phillie,Pontefract,49892 Schmedeman Place,San Francisco,CA,94121
Oneida,Van Saltsberg,92924 Portage Hill,Des Moines,IA,50369
Suzanna,Pawlowicz,3 Northfield Hill,Baltimore,MD,21290
Goldy,Dagless,747 Esker Pass,Sacramento,CA,94280
Kelbee,Kilmaster,3917 Meadow Vale Hill,Hartford,CT,06183
Vince,Rodriguez,178 Hayes Point,Houston,TX,77040
Corri,Mingotti,49 Ridge Oak Court,Chicago,IL,60619
Igor,Caldicott,26578 Stang Circle,El Paso,TX,88558
Rudolf,Sibbons,2562 Evergreen Alley,Oklahoma City,OK,73142
Dud,Salvatore,2 Manley Point,Monticello,MN,55585
Hermann,Malecky,31508 David Avenue,Seattle,WA,98127
Irita,Garza,7 Old Shore Drive,Corona,CA,92878
Netti,Reidshaw,568 Weeping Birch Crossing,Idaho Falls,ID,83405
Isadore,Sauniere,95600 Morningstar Point,Oklahoma City,OK,73114
Johanna,Lineen,441 Sherman Crossing,Lake Worth,FL,33467
Theresita,Millward,616 Grasskamp Lane,Denver,CO,80223
Peg,Cathrall,6471 Pleasure Road,Orlando,FL,32813
Charlot,Gepson,82960 Northland Lane,Bonita Springs,FL,34135
Angel,Thexton,529 Bashford Lane,Houston,TX,77035
Ellis,Loyndon,586 Del Sol Place,Naples,FL,33961
Sharona,Blowes,0805 Delaware Trail,Chicago,IL,60641
Noland,Vasyutichev,968 Toban Junction,Reading,PA,19605
Rodney,Bibey,619 Erie Junction,Tulsa,OK,74184
Hillyer,Heinle,1979 Jenna Parkway,Rochester,NY,14652
Missy,Petracek,36 Delladonna Hill,Pittsburgh,PA,15210
Stace,Fermer,6 Thackeray Court,New York City,NY,10280
Ruthi,Roscam,98 Springview Parkway,Portland,OR,97221
Crissie,McAndrew,74 Hintze Lane,Raleigh,NC,27658
Maris,Awcoate,8573 Roth Center,Miami Beach,FL,33141
Shirl,Gisburne,787 Hooker Alley,Alhambra,CA,91841
Augustine,Wanley,87 Becker Trail,Minneapolis,MN,55428
Patience,Mertel,8360 Pond Alley,Saint Petersburg,FL,33705
Aloysius,Eleshenar,49 High Crossing Drive,Decatur,GA,30089
Lonna,Siney,83005 Colorado Crossing,Houston,TX,77030
Rogerio,Dewen,419 Gerald Way,Huntington,WV,25709
Martainn,Adrianello,50256 Dixon Lane,Pittsburgh,PA,15255
Bendick,Gerrans,38986 Derek Way,Roanoke,VA,24020
Tyler,Hanley,712 Homewood Trail,Port Saint Lucie,FL,34985
Raquela,Christopher,5091 Arizona Way,Evansville,IN,47725
Hermon,Birkenhead,4550 Hagan Alley,Miami,FL,33175
Florette,Negal,805 Mendota Point,Jacksonville,FL,32230
Saundra,Roycraft,09 Hermina Trail,Oakland,CA,94616
Dodie,Goter,1919 Mcguire Circle,Washington,DC,20078
Cleon,Tomowicz,17 Golf View Place,El Paso,TX,88558
Madalena,Dewhirst,53565 Fallview Avenue,Paterson,NJ,07544
Loria,Stennine,23 Boyd Alley,Erie,PA,16505
Anita,Jouannin,033 Orin Center,Asheville,NC,28805
Evangelin,Mustill,21519 Sunfield Junction,Louisville,KY,40298
Glenden,Oriel,64967 Valley Edge Street,San Antonio,TX,78215
Thane,Harrisson,4570 Forster Terrace,Baltimore,MD,21265
Antonin,Geane,2038 Truax Lane,Gainesville,FL,32627
Regen,Coleby,989 Saint Paul Alley,Albany,NY,12232
Jacquette,Meuse,0890 Hermina Junction,Merrifield,VA,22119
Enriqueta,Broun,7 Mayfield Terrace,Corona,CA,92878
Hershel,Clausen,4007 Saint Paul Hill,Sioux Falls,SD,57188
Clemens,Houldey,754 Kinsman Park,Charlotte,NC,28272
Dalis,Fackney,38 Mayer Point,Jefferson City,MO,65110
Pierette,Seacroft,64667 Norway Maple Hill,Milwaukee,WI,53285
Armand,Raisher,66 Sauthoff Junction,Boca Raton,FL,33499
Cad,Bigmore,56574 Corry Street,Salt Lake City,UT,84140
Rania,Nabbs,95 Ludington Court,Newport Beach,CA,92662
Patrizio,Aslie,95040 Dovetail Trail,Cleveland,OH,44191
Red,Eddie,25 Ludington Park,Murfreesboro,TN,37131
Kalle,Leggan,16509 La Follette Terrace,Seattle,WA,98133
Pembroke,Malenoir,424 Cordelia Way,Phoenix,AZ,85005
Lise,Habbijam,2 Twin Pines Junction,Jackson,MS,39282
Vanessa,Marchant,38 Jana Pass,Chicago,IL,60636
Renault,Lead,7 Cordelia Avenue,Houston,TX,77201
Ali,Bigley,6 Milwaukee Alley,Indianapolis,IN,46266
Ambrose,Astlatt,7390 Walton Parkway,Charlotte,NC,28272
Nicol,Alfonzo,85277 Mandrake Drive,Tyler,TX,75705
Dee,McGarrahan,60 Golf Pass,Mobile,AL,36628
Jarrad,Ruckert,5 Maple Wood Junction,Jamaica,NY,11407
Angela,Pitkins,472 Anderson Road,Pocatello,ID,83206
Minnie,Poutress,58822 Delaware Place,Saint Louis,MO,63110
Morrie,Wadesworth,269 Grover Plaza,Bakersfield,CA,93311
Costanza,Zupone,5 Valley Edge Plaza,Detroit,MI,48267
Julius,Byway,599 Morning Place,Washington,DC,20041
Augustin,Gockeler,1280 Gulseth Plaza,Tacoma,WA,98464
Cariotta,Gillet,5657 Goodland Crossing,Houston,TX,77240
Alejandrina,Jeffray,561 Pankratz Terrace,Nashville,TN,37245
Kaitlynn,Ivashin,0 Acker Street,Chicago,IL,60619
Andi,Blankett,3062 Alpine Hill,Richmond,VA,23220
Nikki,Heustice,39115 Dryden Drive,Orlando,FL,32825
Sigfrid,Walisiak,1312 Novick Center,Irvine,CA,92612
Syd,Gerber,78 Merrick Parkway,Kansas City,MO,64109
Antonella,Skates,2475 Bowman Place,Houston,TX,77293
Karrah,Debrett,7737 Kensington Center,Iowa City,IA,52245
Bartel,Stallworth,8958 Lillian Junction,Houston,TX,77250
Eveline,Easen,4943 Arapahoe Drive,Albany,NY,12237
Janela,Dowell,3827 Truax Hill,Washington,DC,20409
Martguerita,Eggleston,0 Mallard Junction,San Antonio,TX,78250
Nikki,Barrick,711 Westend Terrace,Peoria,AZ,85383
Zorine,Bradbury,50884 Rieder Park,Charlotte,NC,28242
Nev,Dillimore,8 Westport Pass,Hollywood,FL,33028
Cece,Danilyak,12 Anderson Park,San Diego,CA,92196
Karlotta,Fidell,68947 Katie Junction,Philadelphia,PA,19120
Sile,Piff,51 Sherman Court,Canton,OH,44705
Coreen,Fears,12 Sutherland Place,Yonkers,NY,10705
Vina,Roskams,102 Muir Crossing,Schenectady,NY,12325
Chan,Capaldo,419 Center Lane,Salt Lake City,UT,84125
Peta,Bazelle,9009 Crowley Park,Longview,TX,75605
Bobette,Casaccia,682 Merrick Alley,Minneapolis,MN,55428
Nissa,Dixcey,3 Judy Center,San Diego,CA,92196
Laurella,Danforth,3 Harper Crossing,Indianapolis,IN,46226
Darline,Wragg,1751 Crownhardt Parkway,Salt Lake City,UT,84145
Robenia,Sambles,51 Ryan Crossing,El Paso,TX,88589
Sheffy,Vowden,55560 Canary Hill,Dayton,OH,45440
Enoch,Kowalik,90 Macpherson Crossing,New York City,NY,10175
Kori,Jowett,001 Hoepker Pass,Levittown,PA,19058
Gnni,Furtado,54 Dwight Terrace,Duluth,GA,30195
Jolynn,Rominov,17 South Point,Washington,DC,20540
Lorettalorna,Hanaford,30796 Jay Place,San Francisco,CA,94169
Gnni,Betteney,80752 Stephen Circle,Washington,DC,20022
Raye,Teeney,93147 Loftsgordon Trail,Fresno,CA,93778
Jessey,Cuphus,145 Heath Plaza,San Diego,CA,92191
Darline,Gander,54 Coolidge Way,Pasadena,CA,91103
Kaylil,Senter,15 Thackeray Junction,Washington,DC,20380
Morly,Gallard,498 Becker Point,Saint Petersburg,FL,33715
Shaun,Welton,0 Arapahoe Street,New Haven,CT,06505
Babbie,Eastcott,03997 Sherman Parkway,Atlanta,GA,30323
Scotty,Blazy,0 Dorton Street,Houston,TX,77223
Prisca,Brockway,9596 Garrison Parkway,Philadelphia,PA,19172
Griffie,Morrowe,09 Stephen Junction,Lafayette,LA,70505
Alyson,McCorley,3 Logan Court,Jackson,MS,39216
Constantine,Embury,6 Schiller Way,Sandy,UT,84093
Marty,Scotchmoor,8376 Killdeer Lane,Madison,WI,53716
Corbet,Langabeer,9 Superior Court,Hamilton,OH,45020
Lavinie,Jeary,53 Northport Center,Virginia Beach,VA,23471
Angelique,Smaling,2821 Farwell Pass,Los Angeles,CA,90010
Petronille,Calven,6792 Clarendon Terrace,Atlanta,GA,30380
Lucia,Chanson,892 Bayside Alley,Columbia,MO,65211
Mandel,Peers,9425 Clarendon Junction,Shawnee Mission,KS,66286
Randy,Waples,14891 Melvin Road,Boynton Beach,FL,33436
Agretha,Bytheway,98 Transport Parkway,Knoxville,TN,37914
Alberta,Becarra,83 Meadow Vale Center,Houston,TX,77293
Bernard,Emerton,7 Carpenter Terrace,Cleveland,OH,44191
Rudyard,Rable,091 Eagle Crest Drive,Shreveport,LA,71105
Bee,Portigall,7195 Fair Oaks Center,Cleveland,OH,44191
Allie,Ralestone,5 Talmadge Trail,New Orleans,LA,70154
Abner,Buddock,4204 Stuart Park,Washington,DC,20022
Chester,Beggini,4944 Knutson Avenue,Tucson,AZ,85710
Milena,Piggrem,80488 4th Street,Pittsburgh,PA,15274
Care,Scalera,84 Coleman Drive,Grand Rapids,MI,49518
Velma,Rhodus,82117 Continental Road,Indianapolis,IN,46207
Chas,Cockshutt,3 Reinke Terrace,Atlanta,GA,30336
Lucius,Coronas,896 Boyd Alley,Tampa,FL,33605
Hube,Jeggo,53 Kedzie Crossing,Kansas City,MO,64160
Teodorico,Bramelt,6377 Eggendart Trail,Sioux Falls,SD,57198
Kaylyn,Birwhistle,28387 Kedzie Lane,Cincinnati,OH,45223
Germaine,Morman,60 Mcbride Junction,El Paso,TX,79945
Monte,McKnish,14132 Amoth Alley,Minneapolis,MN,55428
Mathe,Crean,2 Comanche Street,Pasadena,CA,91103
Shena,Salzburg,125 Shoshone Street,Tucson,AZ,85748
Else,Gainsbury,70 Walton Way,Denver,CO,80204
Collete,Fantin,9951 Dunning Place,Columbia,SC,29215
Amii,MacGinney,06450 Veith Park,Lawrenceville,GA,30245
Ingeborg,Blowfield,183 Ramsey Parkway,Detroit,MI,48206
Evangelina,Tailby,515 La Follette Circle,Phoenix,AZ,85010
Brockie,Clem,1 Spohn Point,Saint Louis,MO,63136
Lancelot,Kleinstein,54 Cordelia Center,Buffalo,NY,14210
Ian,Binden,651 Maryland Parkway,Hagerstown,MD,21747
Grethel,Belfelt,6531 Transport Hill,Des Moines,IA,50330
Bethany,Rizzini,8 Debra Alley,Arvada,CO,80005
Dolley,Vigietti,41229 Parkside Trail,New York City,NY,10009
Shelba,McKissack,91620 Ramsey Pass,New Orleans,LA,70129
Brittani,Corbert,56 Dovetail Point,Tampa,FL,33620
Ealasaid,Naughton,563 Drewry Trail,Albuquerque,NM,87195
Enoch,Deppe,5254 Prairie Rose Trail,Chico,CA,95973
Talbot,Seccombe,9 Northwestern Road,New York City,NY,10024
Ellsworth,Bestwerthick,0398 Morning Circle,New York City,NY,10004
Olivia,Galpin,8 Tennessee Point,Tulsa,OK,74193
Dalston,Buckhurst,84733 Schurz Point,Decatur,IL,62525
Dione,Beahan,2081 Northfield Road,San Antonio,TX,78210
Genevieve,Corradengo,70 Mallory Plaza,Irvine,CA,92710
Norean,Hallahan,92 Washington Junction,Tempe,AZ,85284
Britta,Fallowes,1 Buena Vista Trail,Richmond,VA,23293
Garth,Pratte,3707 Badeau Street,Charleston,WV,25356
Dore,Clogg,56072 Glacier Hill Terrace,Washington,DC,20310
Hanny,Ellams,40646 Independence Plaza,Cincinnati,OH,45271
Karisa,Stedell,509 Bobwhite Road,Chicago,IL,60652
Coreen,Kincade,932 American Ash Court,Fort Smith,AR,72916
Chlo,Patrie,17314 Portage Point,Gaithersburg,MD,20883
Shaughn,Titchen,28 Graceland Center,Helena,MT,59623
Nero,Conquer,92883 Golf Way,Amarillo,TX,79188
Lynda,Nunnery,37544 Donald Street,Detroit,MI,48224
Emelyne,Hassin,2 Waywood Avenue,Pompano Beach,FL,33064
Ade,Gofforth,983 Wayridge Avenue,Charlotte,NC,28242
Garv,Ridett,9958 Talmadge Terrace,Washington,DC,20244
Paulita,Lowten,65 Monument Pass,El Paso,TX,79945
Aube,Canadas,22 Florence Place,Cincinnati,OH,45233
Wyn,Savage,756 Dovetail Crossing,Pittsburgh,PA,15225
Charisse,Walls,1 Esch Center,Grand Rapids,MI,49505
Cherilyn,Millership,23 Dawn Parkway,Tucson,AZ,85743
Alena,Enderson,3 Elgar Point,Philadelphia,PA,19109
Angelle,Shurman,4 Delaware Street,Kansas City,MO,64114
Xylina,Simanek,7192 Center Point,Charlotte,NC,28205
Ludvig,Waldrum,20893 Havey Court,Cleveland,OH,44177
Yvette,Finessy,45 Northland Place,Texarkana,TX,75507
Arie,Connerry,5 Heffernan Trail,Troy,MI,48098
Iolanthe,Knee,33 Amoth Alley,Memphis,TN,38188
Christiane,Camerati,92758 Stephen Point,Charlotte,NC,28299
Yvon,Moulster,07 Sunbrook Terrace,San Antonio,TX,78225
Sheba,Smallpeice,6 Hazelcrest Hill,Brockton,MA,02305
Karita,Hacksby,913 Ridgeway Terrace,Albany,NY,12242
Thorvald,Waylen,1088 Rowland Court,Winston Salem,NC,27110
Dulciana,Booker,49 Express Court,Fresno,CA,93773
Jo,Deyes,580 Utah Court,Beaumont,TX,77713
Emilio,Canter,8 Spaight Crossing,Austin,TX,78737
Heddie,Dewing,61562 Troy Circle,Valdosta,GA,31605
Casar,Robb,52048 Talmadge Terrace,Chattanooga,TN,37405
Ardra,Birden,692 Utah Terrace,Pueblo,CO,81005
Blanch,Castangia,206 3rd Court,Shreveport,LA,71166
Dniren,Yatman,384 Blaine Lane,Anchorage,AK,99522
Clo,Alflatt,92 Brentwood Trail,Evansville,IN,47737
Ric,Nurcombe,924 Ridgeview Avenue,Washington,DC,20299
Nyssa,Shakespeare,7135 Nancy Park,Green Bay,WI,54305
Fairfax,Petzolt,12574 Banding Lane,Lincoln,NE,68524
Daryn,Giorgio,70 Haas Park,Charlotte,NC,28272
Odetta,Cowl,67 Muir Street,North Hollywood,CA,91606
Erroll,Coveney,2 Stone Corner Way,Chico,CA,95973
Hadlee,Baddeley,476 Amoth Circle,Indianapolis,IN,46226
Kristyn,Hrinchenko,8240 Dottie Terrace,Jamaica,NY,11470
Florida,Pemberton,9906 Autumn Leaf Trail,Maple Plain,MN,55572
Elset,Records,27 Randy Center,Charleston,WV,25362
Adriena,Loughead,58 Marquette Center,Johnstown,PA,15906
Francine,Bruinsma,52 Bunting Way,Palmdale,CA,93591
Angil,Rafe,46 Hoard Park,Kansas City,KS,66112
Paddie,Gerauld,1952 North Parkway,Kansas City,MO,64149
Rossy,Batson,97501 Dorton Point,Dallas,TX,75397
Richmond,Erett,67730 La Follette Crossing,Young America,MN,55573
Katalin,Schirok,321 Spaight Avenue,San Diego,CA,92115
Marilee,Radbond,15514 Harper Park,Lynn,MA,01905
Trisha,Noseworthy,5 Ruskin Alley,San Antonio,TX,78215
Gran,Tremblett,40942 Prairieview Center,Washington,DC,20016
Drew,Figger,0085 Russell Center,Worcester,MA,01654
Terence,Ferrant,8244 Bay Center,Los Angeles,CA,90081
Bil,McAlees,3 Fallview Crossing,Bakersfield,CA,93311
Annadiane,Alfonsetto,22459 Northfield Road,Murfreesboro,TN,37131
Sheff,Lipmann,439 Luster Crossing,Washington,DC,20319
Layne,Cunah,91 Maple Park,Madison,WI,53726
Sanders,Sciusscietto,46 Eagle Crest Hill,Salt Lake City,UT,84115
Fifine,Donaway,1077 Amoth Alley,Anniston,AL,36205
Walton,Giveen,4459 Surrey Parkway,Montgomery,AL,36109
Kailey,Acheson,53362 Kedzie Court,Naples,FL,34114
Caressa,Royston,360 Hagan Parkway,Jamaica,NY,11470
Liuka,Lepere,8742 Summit Pass,New York City,NY,10160
Royall,Stanlike,82244 Linden Park,Spokane,WA,99260
Richmound,Aizikov,83 Texas Terrace,Spokane,WA,99260
Jerald,Bonham,55274 6th Terrace,Charlotte,NC,28220
Constancy,Donner,0998 Westport Circle,Philadelphia,PA,19131
Dotty,Faulder,472 Summer Ridge Plaza,Winter Haven,FL,33884
Lorraine,Laverenz,26 Comanche Drive,New York City,NY,10165
Hodge,Broomfield,5 Mitchell Crossing,Kansas City,KS,66160
Purcell,Bescoby,67914 Monica Road,Fort Worth,TX,76115
Clive,Daily,51 International Lane,Erie,PA,16522
Cly,Hurley,1 West Junction,San Diego,CA,92165
Averill,Bairnsfather,88467 Vera Parkway,Seattle,WA,98195
Rod,Wickmann,89290 Kingsford Crossing,Chicago,IL,60646
Shelia,Jehaes,29029 Monument Drive,Springfield,IL,62723
Barbaraanne,Kelinge,38 Holy Cross Lane,Brooklyn,NY,11215
Lizbeth,Starking,3 Wayridge Lane,Little Rock,AR,72222
Marta,Oswal,1797 Roth Point,Boston,MA,02208
Vachel,Toderbrugge,438 Ridge Oak Street,Decatur,GA,30033
Renata,Gradley,528 Fisk Park,Peoria,IL,61656
Sofia,Manz,4 Garrison Alley,New Haven,CT,06538
Jerry,Lindell,96705 Toban Parkway,Jersey City,NJ,07310
Jaye,Vernham,00400 Towne Crossing,Birmingham,AL,35295
Mackenzie,Eck,1929 8th Junction,Jamaica,NY,11436
Faber,Byrde,36180 Dwight Court,Houston,TX,77299
Devlen,Renihan,70170 Harper Place,Charlotte,NC,28220
Dunstan,Burdett,219 Becker Crossing,Washington,DC,20078
Donica,Ahrenius,3 Chinook Circle,Lubbock,TX,79415
Anallese,Dubois,8 Prentice Street,Allentown,PA,18105
Durant,Suddick,63652 Fremont Trail,Chattanooga,TN,37416
Sherye,Gillie,53268 Namekagon Drive,San Francisco,CA,94132
Dominic,Goade,4 Crownhardt Alley,Dayton,OH,45432
Taber,Artiss,9 Springs Parkway,Oklahoma City,OK,73167
Parry,Yurasov,8 Esch Road,Tampa,FL,33680
Winnifred,Mattielli,689 Mayfield Point,Roanoke,VA,24004
Alix,Leathart,490 Hoffman Plaza,Indianapolis,IN,46254
Ewen,Boseley,5 Kingsford Lane,Tampa,FL,33694
Ruy,Addington,68 Dakota Lane,Philadelphia,PA,19131
Oliy,Thacker,6921 Vermont Trail,Beaumont,TX,77713
Tess,Wotherspoon,3 Sycamore Alley,Amarillo,TX,79118
Denis,Andrioletti,3326 Cody Street,Columbus,OH,43268
Terri,Vanezis,903 Veith Terrace,Kansas City,MO,64125
Dre,Hann,997 Parkside Circle,Winston Salem,NC,27110
Nicola,Tavner,16 Macpherson Street,Akron,OH,44321
Lonnard,Donan,11287 Swallow Park,Springfield,MA,01105
Dionysus,Vearncomb,8 Morning Alley,Minneapolis,MN,55428
Zollie,Yanele,715 Gerald Way,Santa Barbara,CA,93106
Feliks,Spadazzi,4836 Buell Parkway,Louisville,KY,40256
Olga,Tift,02 Vermont Drive,Cincinnati,OH,45296
Orelia,Winslade,2 Elmside Center,Santa Barbara,CA,93106
Neel,Freear,74 Hauk Lane,Rochester,NY,14609
Robbie,Hollindale,28 Dunning Plaza,Albuquerque,NM,87195
Alta,Knock,7664 North Way,North Little Rock,AR,72199
Enos,Lomis,394 Aberg Alley,Fort Worth,TX,76129
Wolfy,Bischof,3 Bunting Avenue,Louisville,KY,40266
Edouard,Foffano,8841 Mcguire Pass,Pompano Beach,FL,33069
Dionisio,Igoe,9 Clemons Drive,Phoenix,AZ,85053
Jessica,Sheed,5159 Dixon Trail,San Angelo,TX,76905
Dennet,Shemwell,881 Stuart Way,Cincinnati,OH,45999
Amye,Pleass,5139 Pearson Court,Evansville,IN,47732
Cirilo,Kitcatt,48 Scofield Drive,Anchorage,AK,99517
Carleton,McDaid,79 Butternut Plaza,Brooklyn,NY,11247
Joya,Stubbes,58056 Bashford Lane,Boise,ID,83757
Jesselyn,Horstead,7 Oriole Park,Glendale,AZ,85311
Lettie,Rowet,716 Forster Street,Flushing,NY,11355
Granny,Joderli,85 Pond Avenue,Lincoln,NE,68583
Keslie,Wookey,57231 Lakeland Center,Madison,WI,53716
Jelene,Capron,57 Waubesa Alley,Youngstown,OH,44505
Thane,Paschke,0716 Buena Vista Street,El Paso,TX,88525
Eugenio,Rivel,29959 Onsgard Center,Washington,DC,20414
Natalee,Gerdes,357 Meadow Ridge Road,Chicago,IL,60630
Ajay,Delicate,55415 Hoepker Road,Minneapolis,MN,55428
Mariette,Winders,37691 Westport Terrace,Asheville,NC,28805
Salem,MacCole,416 Shasta Junction,Colorado Springs,CO,80915
Nadeen,Grelka,1 Sullivan Junction,Grand Rapids,MI,49510
Pris,Gatecliff,32603 American Ash Road,Beaufort,SC,29905
Maryanne,Dmitrievski,579 Grasskamp Center,Philadelphia,PA,19125
Ibbie,Sharvell,5785 Coolidge Road,Norfolk,VA,23551
Haily,Kobera,22642 Lotheville Terrace,Philadelphia,PA,19146
Brook,Boys,0 Troy Parkway,Gatesville,TX,76598
Winnifred,Sachno,951 Independence Place,Stockton,CA,95210
Burtie,Nerval,71 Sage Alley,Wichita,KS,67205
Karlens,Wabb,17673 Sauthoff Avenue,Washington,DC,20299
Carol,Dartnall,94242 Oakridge Terrace,Pensacola,FL,32595
Chrysler,Dimitrov,4 Randy Hill,Houston,TX,77050
Amy,Fyers,99048 Linden Way,New York City,NY,10125
Ange,Crighton,294 Dottie Way,Appleton,WI,54915
Derward,McRavey,131 Blaine Plaza,Trenton,NJ,08638
Enrico,Ruggieri,532 Helena Park,Louisville,KY,40266
Garry,Kezor,52 Atwood Point,Buffalo,NY,14225
Karoline,Danby,367 Muir Avenue,San Antonio,TX,78245
Rosalinda,Lampl,937 Walton Place,Lexington,KY,40505
Dillie,D'Oyly,414 Red Cloud Center,Hartford,CT,06120
Regen,Chandler,98 Schiller Hill,Fredericksburg,VA,22405
Jacki,Caris,00 Browning Street,Pasadena,CA,91131
Rickard,Agronski,23737 Huxley Place,Tucson,AZ,85710
Chucho,Abys,5507 Merrick Alley,Springfield,IL,62711
Shay,Jone,78 Golf Course Plaza,Rochester,NY,14619
Sal,Fennick,863 South Park,Santa Cruz,CA,95064
Hashim,Boniface,41 Holy Cross Alley,Little Rock,AR,72231
Rudolph,Hearthfield,475 Manitowish Crossing,Charlotte,NC,28225
Vale,Cassels,935 Kingsford Pass,Inglewood,CA,90398
Erskine,McKniely,81238 Columbus Center,Sparks,NV,89436
Nicolas,Conichie,5 Reindahl Crossing,Kansas City,MO,64160
Huntley,Philpott,548 Basil Point,Waco,TX,76796
Jere,Colter,8841 Anthes Parkway,Panama City,FL,32405
Arnoldo,Danser,2694 Reinke Drive,Abilene,TX,79699
Chrotoem,Duguid,52 Darwin Parkway,Springfield,IL,62756
Beryle,Fernie,5 Homewood Trail,Inglewood,CA,90310
Juline,Wiszniewski,135 Debra Plaza,Lexington,KY,40546
Mahmud,Aymes,9 Nobel Way,Portland,OR,97232
Robbert,Jacombs,2477 Haas Circle,Orlando,FL,32819
Cyrus,Stiffell,8 Rutledge Road,El Paso,TX,79934
Kendre,Mertsching,188 Hoepker Park,Little Rock,AR,72215
Arnold,Habbal,86266 Debra Pass,Anchorage,AK,99517
Charo,Brocklebank,03 Ridge Oak Way,Houston,TX,77090
Dorian,Monery,0137 Rutledge Trail,New York City,NY,10260
Babette,Ainsbury,198 Shasta Court,Buffalo,NY,14215
Milicent,Camilletti,3483 Elgar Point,Arlington,TX,76016
Leif,Huffer,348 Sycamore Way,Miami,FL,33158
Ronda,Woodgate,7467 Westerfield Avenue,Anaheim,CA,92805
Cale,Bedwell,23269 Rusk Plaza,Memphis,TN,38114
Lexine,Sauvain,76 Russell Crossing,Chicago,IL,60624
Maxy,Filippyev,38 Declaration Hill,Boca Raton,FL,33487
Jenica,Fassam,0979 Walton Terrace,Jackson,MS,39282
Cass,Joannic,78 Almo Lane,Birmingham,AL,35215
Andria,Blazynski,360 Hollow Ridge Trail,Aurora,CO,80045
Ileana,Dumke,69 Green Plaza,Carlsbad,CA,92013
Averyl,Djekovic,7478 Veith Circle,Everett,WA,98206
Claresta,Gingedale,9577 Susan Avenue,Denver,CO,80299
Nani,Verdey,94 Cherokee Crossing,San Francisco,CA,94137
Eli,Licence,1485 Carioca Place,Toledo,OH,43605
Nat,Moncur,81 Moose Circle,Jackson,MS,39282
Herbert,Kelloway,6694 Arapahoe Alley,Jefferson City,MO,65110
Ethel,Gouley,746 Lyons Court,Orlando,FL,32854
Langston,Coldridge,479 Hanson Avenue,Duluth,MN,55811
Janith,Harmond,628 Butterfield Lane,Sioux Falls,SD,57110
Peggi,Stillmann,105 Portage Plaza,Pompano Beach,FL,33069
Kendre,Arghent,606 Hollow Ridge Pass,Pomona,CA,91797
Gallagher,Serchwell,551 Bluestem Street,Phoenix,AZ,85099
Averyl,Carryer,0102 Luster Drive,Birmingham,AL,35290
Delia,Pappin,29640 Eagle Crest Lane,Inglewood,CA,90398
Malina,Dumbare,79 Coleman Hill,Saint Louis,MO,63136
Bree,Sayle,103 Canary Way,Clearwater,FL,34620
Stearn,LAbbet,2 Farragut Terrace,Alexandria,VA,22309
Rici,Caldera,6405 Tony Hill,North Port,FL,34290
Dyane,Chasteau,6 Kedzie Park,Richmond,VA,23289
Xenia,Pasque,63071 Lien Terrace,Houston,TX,77299
Aura,Tuer,76 Barby Alley,Peoria,IL,61656
Zola,Rigg,16065 Havey Alley,Fargo,ND,58106
Dru,Welsby,6 Burrows Hill,Spokane,WA,99210
Jaimie,Stiger,8153 Rockefeller Point,Ocala,FL,34474
Humberto,Davenport,398 Bay Lane,Denver,CO,80255
Obie,Brace,3417 Cottonwood Drive,Brooklyn,NY,11247
Nonnah,Bridle,52015 Longview Pass,El Paso,TX,79955
Vivienne,Hedney,5980 Arapahoe Parkway,Flint,MI,48550
Shayne,Kesper,192 Butterfield Center,Round Rock,TX,78682
Sena,Beavon,01789 Bultman Trail,Seattle,WA,98133
Kelsy,Marton,57942 Lawn Drive,Elmira,NY,14905
Garrard,Lambole,8269 Warrior Hill,Tallahassee,FL,32304
Merv,Denial,3 Brickson Park Trail,Mesa,AZ,85215
Rebecka,Luff,1 Vahlen Drive,Wichita,KS,67210
Minetta,Cancellieri,5 Bluestem Street,Grand Forks,ND,58207
Johny,Vogel,2 Doe Crossing Circle,Inglewood,CA,90310
Evelyn,Zucker,6087 Mayfield Road,Louisville,KY,40215
Sinclare,Hucknall,223 Bonner Pass,Wichita,KS,67230
Billy,Eastwood,80098 Menomonie Junction,San Bernardino,CA,92415
Nicolai,Zamora,73500 Crowley Crossing,Mesa,AZ,85205
Trisha,Heare,74176 Scofield Point,Saint Louis,MO,63196
Kiersten,Dwane,8 Warbler Street,Tucson,AZ,85737
Avigdor,Simunek,12495 Algoma Crossing,Sioux City,IA,51105
Eleonora,Frapwell,63087 Jenifer Plaza,San Diego,CA,92110
Malena,Lorenzetto,5586 Eastwood Avenue,Cincinnati,OH,45999
Jeff,Thireau,40611 Gerald Hill,Providence,RI,02905
Caryl,McIlheran,1515 Florence Lane,Decatur,GA,30033
Judd,Ilchuk,5639 Vera Junction,Oklahoma City,OK,73142
Jayme,Dukelow,346 Warner Street,Reston,VA,22096
Stesha,Maudlen,679 Shoshone Terrace,San Diego,CA,92105
Gray,Trasler,815 Texas Court,Pensacola,FL,32520
Barbette,Tuffield,9338 Porter Parkway,Corpus Christi,TX,78410
Claire,Madge,18165 Blue Bill Park Parkway,Fort Worth,TX,76134
Asa,Denacamp,64 Norway Maple Parkway,Hartford,CT,06183
Knox,Antonietti,7 Ridgeway Circle,Columbus,OH,43210
Philomena,Andresen,41592 Pearson Terrace,Roanoke,VA,24004
Klarrisa,Espy,13 Hoepker Place,Spartanburg,SC,29319
Nicolas,Grigoroni,83 Hansons Hill,Topeka,KS,66617
Sophronia,O' Cuolahan,5237 Kensington Hill,Los Angeles,CA,90045
Levey,De Blasio,8689 Stephen Lane,Moreno Valley,CA,92555
Fredia,Mayhew,8326 Commercial Plaza,Dallas,TX,75226
Tristan,Seale,56 Northwestern Lane,Young America,MN,55573
Amata,Barlie,3100 Eagan Terrace,Joliet,IL,60435
Phillida,Keuneke,80 Sage Pass,Jackson,MS,39210
Malina,Locket,8611 Springview Park,Henderson,NV,89012
Rock,Bengall,09826 Debs Hill,Topeka,KS,66629
Darrelle,Franzel,238 Sutteridge Trail,Boston,MA,02208
Creigh,Attrie,4622 Maple Trail,Dayton,OH,45426
Duffy,Peracco,48746 Rockefeller Hill,New Orleans,LA,70149
Ewell,Lougheed,42 Ridge Oak Way,Houston,TX,77045
Celle,Gianneschi,47 Clemons Hill,Savannah,GA,31422
Armstrong,Zini,2 Bellgrove Terrace,Van Nuys,CA,91406
Melvin,Stolz,45228 Morrow Way,New Orleans,LA,70129
Ellery,Kenset,03 Karstens Road,Spokane,WA,99220
Hinda,Espadas,278 Marcy Street,Miami,FL,33283
Dory,Yushin,49 Hollow Ridge Center,San Antonio,TX,78205
Hinze,Lawes,9 Mandrake Park,Newton,MA,02458
Darell,Wastling,93611 Rigney Alley,Fresno,CA,93778
Robena,Shearsby,05628 Dennis Hill,Atlanta,GA,31165
Georgy,McCumskay,3862 Trailsway Plaza,Denver,CO,80228
Giuseppe,Olley,5255 Starling Street,Atlanta,GA,30356
Morgan,Durtnell,23 Melby Circle,Houston,TX,77010
Dex,Pittham,81 Pankratz Circle,Duluth,GA,30096
Ikey,Olsson,7912 Pennsylvania Park,Wichita,KS,67220
Phaidra,Hurren,8 Bowman Center,Pasadena,CA,91125
Caesar,Casol,752 Harbort Way,Great Neck,NY,11024
Charley,Baddeley,0130 Mariners Cove Circle,Milwaukee,WI,53234
Arne,Harbidge,7266 Monterey Pass,Omaha,NE,68179
Elnora,Winspar,980 Clyde Gallagher Crossing,Columbus,OH,43268
Lyndy,Lorans,8605 Becker Street,Los Angeles,CA,90055
Bartie,Taylo,487 Vera Park,Erie,PA,16550
Holt,Blown,724 Hollow Ridge Lane,Dallas,TX,75287
Gerta,Fury,713 Burning Wood Parkway,Washington,DC,20551
Christiane,Wartonby,59 Meadow Ridge Street,Columbus,OH,43210
Elwood,Spark,3 Acker Avenue,Philadelphia,PA,19178
Ora,Champe,17349 Bellgrove Junction,Albuquerque,NM,87121
Gabie,Rawcliffe,36 Debs Park,Rochester,NY,14609
Milty,Geistmann,67 Independence Junction,Grand Rapids,MI,49510
Lindsey,Lempke,1191 Canary Junction,Fresno,CA,93750
Eamon,Clapison,42462 Morningstar Junction,New Haven,CT,06520
Filia,Edgerton,9283 Myrtle Lane,Detroit,MI,48206
Sheilakathryn,Yuille,197 Stoughton Road,Charleston,WV,25356
Ferris,Frazier,17 Arapahoe Trail,Rochester,NY,14604
Franklin,Gibbings,53661 Moland Point,Portland,OR,97271
Claudian,Hairon,6 Burrows Avenue,Santa Ana,CA,92705
Torre,Pepperell,3634 Sycamore Plaza,Boise,ID,83727
Montague,Danit,104 Saint Paul Way,Washington,DC,20370
Decca,Blundon,41 Esker Pass,Fort Wayne,IN,46814
Joane,Woolvin,6 Steensland Hill,Washington,DC,20599
Netti,Meadowcraft,17 Bobwhite Circle,Youngstown,OH,44511
Francoise,Gehringer,58408 Veith Point,Shreveport,LA,71105
Cilka,Shalcras,6332 Anderson Trail,Lexington,KY,40576
Faun,Duxbury,7688 Helena Avenue,Flint,MI,48550
Micky,Urrey,4499 Barnett Crossing,Grand Rapids,MI,49544
Sapphira,Ricold,19 Dahle Court,San Antonio,TX,78240
Esta,Dwyr,252 Summerview Parkway,Atlanta,GA,31190
Adda,O'Downe,6657 Dahle Crossing,High Point,NC,27264
Grace,Vlasov,56099 Shasta Place,Bronx,NY,10459
Baily,Masse,9 Manufacturers Circle,Denver,CO,80291
Selia,Deniskevich,283 Hazelcrest Alley,Richmond,VA,23293
Pincus,MacAllister,076 Dovetail Way,Portland,OR,97201
Ingrid,Renbold,65664 Union Hill,Terre Haute,IN,47812
Katerina,Pettko,523 Valley Edge Circle,Anniston,AL,36205
Clareta,Bromhead,1 Meadow Valley Center,Washington,DC,20409
Merry,Dunnet,04 Gina Road,Bronx,NY,10459
Marlow,Curnok,09163 Village Green Point,Tacoma,WA,98442
Emmeline,Blazic,36 Jackson Circle,Omaha,NE,68110
Davie,Beesey,7670 Cody Trail,Fresno,CA,93794
Cesaro,Swaffer,61299 Grayhawk Place,Brooklyn,NY,11220
Xymenes,MacParlan,935 Clarendon Terrace,Palmdale,CA,93591
Isidore,McVitie,56661 Lien Circle,Kansas City,KS,66160
Garrick,Beretta,76 Waywood Circle,San Francisco,CA,94177
Brier,Beals,52 Buena Vista Court,Naperville,IL,60567
Dorelia,Burhill,0 Barnett Hill,Cincinnati,OH,45233
Ibrahim,Cagan,75 International Terrace,Phoenix,AZ,85099
Mignon,Bance,8927 Grover Terrace,Fredericksburg,VA,22405
Cyrillus,Legrice,43475 Bluejay Terrace,Florence,SC,29505
Salomon,Allain,10 Annamark Crossing,Aurora,IL,60505
Carmelita,Behnke,84 Mayer Avenue,Newark,NJ,07188
Mandel,Fulop,70640 Holmberg Drive,Reading,PA,19605
Cynthie,Ceccoli,0 Bowman Way,Anniston,AL,36205
Cal,Cabral,9 Novick Circle,Greensboro,NC,27455
Wylma,Gerber,10796 Corscot Street,Chicago,IL,60630
Ryan,Longcake,864 Straubel Plaza,Shawnee Mission,KS,66225
Valeda,Petrichat,3 Old Gate Park,El Paso,TX,88530
Leora,Pedwell,28 Sage Street,Chicago,IL,60604
Alwin,Pieters,7487 Hanover Alley,Bryan,TX,77806
Martelle,MacWilliam,050 Towne Drive,Saint Paul,MN,55188
Liam,Scarce,46014 Gale Lane,Washington,DC,20337
Teriann,Lovitt,80 4th Pass,Anchorage,AK,99512
Joelly,Tovey,92981 Hintze Parkway,Raleigh,NC,27658
Ansel,Halvosen,84 Pine View Circle,Dallas,TX,75392
Jeth,Idney,0 Cascade Junction,Florence,SC,29505
Hanan,Annies,1 Kim Drive,Valley Forge,PA,19495
Nixie,Casiroli,97892 Colorado Alley,Washington,DC,20210
Finn,Golsby,82 Veith Hill,Houston,TX,77299
Karlan,Wint,6 Boyd Plaza,Racine,WI,53405
Fedora,Flatte,24 Fair Oaks Center,Mobile,AL,36610
Kendell,Weathers,1 Pankratz Avenue,Tacoma,WA,98447
Sylas,Jouannot,32 Blackbird Pass,Harrisburg,PA,17140
Essy,Marchent,2 Upham Park,Akron,OH,44310
Johnny,Reburn,35264 Reindahl Point,Vancouver,WA,98664
Burg,Slowgrave,3513 Debs Street,Los Angeles,CA,90101
Barth,Crathern,49 Eliot Junction,Cumming,GA,30130
Avril,Paxforde,09641 Kedzie Parkway,Columbia,MO,65211
Janis,Thomassin,2783 Anzinger Lane,Camden,NJ,08104
Tomkin,Reiner,124 Waubesa Park,Knoxville,TN,37919
Constance,Alderson,68 Erie Street,Milwaukee,WI,53225
Malanie,Aughton,9303 Dixon Avenue,Charlotte,NC,28299
Deina,Gownge,3 Browning Point,San Francisco,CA,94126
Arney,Pidgen,92 Tennessee Drive,New Orleans,LA,70183
Stanford,Chalfant,721 Schmedeman Crossing,Hartford,CT,06140
Stephanus,Avrashin,91629 Browning Alley,Richmond,VA,23285
Therine,Gurnell,876 Prentice Place,Honolulu,HI,96850
Kain,Wilmot,5 Clemons Circle,Tampa,FL,33610
Terese,Bend,1 Springview Place,Richmond,VA,23293
Carmencita,Cattrall,401 Caliangt Terrace,Houston,TX,77212
Sammy,Weber,01826 Sauthoff Avenue,Henderson,NV,89074
Elle,Attewill,659 David Park,Austin,TX,78744
Michaela,Prazor,7747 Muir Street,Washington,DC,20551
Abrahan,O' Markey,04 Kennedy Hill,Anderson,SC,29625
Quinn,Nijssen,91366 Northfield Circle,Brooklyn,NY,11210
Damita,Spera,82 Banding Trail,Bismarck,ND,58505
Archy,Cammish,19785 Oxford Court,Des Moines,IA,50347
Willow,Corney,6 Crescent Oaks Court,New York City,NY,10275
Arney,Rubinlicht,892 Aberg Trail,San Diego,CA,92115
Heall,Andraud,14 Daystar Junction,Atlanta,GA,30340
Aaren,De Benedictis,8471 Dottie Street,Peoria,IL,61614
Blondelle,Lewton,462 Buena Vista Court,Saint Paul,MN,55188
Lila,O'Connel,3 Claremont Drive,Tulsa,OK,74103
Catina,Elphick,225 Esch Crossing,Jamaica,NY,11499
Cora,Bettlestone,54281 Clyde Gallagher Center,Brooklyn,NY,11215
Duane,Henighan,26959 Union Parkway,Fort Lauderdale,FL,33345
Darn,Riach,739 7th Parkway,New Orleans,LA,70187
Miguel,Crosdill,645 Longview Trail,Saint Paul,MN,55166
Arther,Powell,0 Troy Point,Atlanta,GA,30368
Rivi,Bram,02415 Northport Parkway,El Paso,TX,79989
Devonna,Ivankin,5 Rieder Court,Cleveland,OH,44177
Floris,Waryk,52 Calypso Road,Boulder,CO,80328
Mikey,Weavers,032 Aberg Plaza,Kansas City,MO,64114
Marty,Bendle,784 Hudson Pass,London,KY,40745
Luisa,Kearle,227 Homewood Alley,Scottsdale,AZ,85255
Gunther,Ugolotti,1141 Knutson Alley,Alexandria,VA,22333
Olga,Plait,54549 Algoma Center,Atlanta,GA,30301
Domenico,Senechell,3 Waubesa Circle,Chicago,IL,60619
Jaclyn,Degli Antoni,53 Hovde Junction,Missoula,MT,59806
Terry,Cattermoul,384 Lillian Park,Arlington,VA,22205
Vanessa,Blazej,01189 Sycamore Way,Fort Lauderdale,FL,33330
Julius,Poll,107 Green Ridge Point,Charlotte,NC,28242
Eda,Derle,83585 Fulton Plaza,Gaithersburg,MD,20883
Geralda,Tullot,5032 La Follette Lane,Lexington,KY,40546
Cheryl,Ethridge,48257 Hintze Lane,Providence,RI,02905
Katinka,Scare,123 Anniversary Avenue,Denton,TX,76205
Boyd,Quantick,2332 Warbler Trail,Huntington,WV,25721
